Datetime,Water Level (m)
2025-06-06 06:00:00,0.783448
2025-06-06 07:00:00,0.743641
2025-06-06 08:00:00,0.60353565
2025-06-06 09:00:00,0.42275473
2025-06-06 10:00:00,0.23139821
2025-06-06 11:00:00,0.07932295
2025-06-06 12:00:00,-0.024681166
2025-06-06 13:00:00,-0.052014135
2025-06-06 14:00:00,0.08196296
2025-06-06 15:00:00,0.22025238
2025-06-06 16:00:00,0.43420064
2025-06-06 17:00:00,0.6767396
2025-06-06 18:00:00,0.74986756
2025-06-06 19:00:00,0.66868794
2025-06-06 20:00:00,0.5184536
2025-06-06 21:00:00,0.34351525
2025-06-06 22:00:00,0.15396285
2025-06-06 23:00:00,-0.0057924166
2025-06-07 00:00:00,-0.1320808
2025-06-07 01:00:00,-0.1873095
2025-06-07 02:00:00,-0.004040664
2025-06-07 03:00:00,0.19666016
2025-06-07 04:00:00,0.44809002
2025-06-07 05:00:00,0.7879815
2025-06-07 06:00:00,0.9885366
2025-06-07 07:00:00,1.0132473
2025-06-07 08:00:00,0.8961352
2025-06-07 09:00:00,0.7059437
2025-06-07 10:00:00,0.4905874
2025-06-07 11:00:00,0.29497275
2025-06-07 12:00:00,0.13673887
2025-06-07 13:00:00,0.0051716715
2025-06-07 14:00:00,-0.037677538
2025-06-07 15:00:00,0.13179363
2025-06-07 16:00:00,0.30585587
2025-06-07 17:00:00,0.54457676
2025-06-07 18:00:00,0.7727173
2025-06-07 19:00:00,0.7915449
2025-06-07 20:00:00,0.66608196
2025-06-07 21:00:00,0.5137108
2025-06-07 22:00:00,0.3450196
2025-06-07 23:00:00,0.16605134
2025-06-08 00:00:00,0.0067517883
2025-06-08 01:00:00,-0.114130035
2025-06-08 02:00:00,-0.10755123
2025-06-08 03:00:00,0.13753963
2025-06-08 04:00:00,0.33604857
2025-06-08 05:00:00,0.6556873
2025-06-08 06:00:00,1.0057875
2025-06-08 07:00:00,1.1431978
2025-06-08 08:00:00,1.1075712
2025-06-08 09:00:00,0.93519264
2025-06-08 10:00:00,0.7244377
2025-06-08 11:00:00,0.49737307
2025-06-08 12:00:00,0.30784532
2025-06-08 13:00:00,0.14599738
2025-06-08 14:00:00,0.0063715526
2025-06-08 15:00:00,-0.005480303
2025-06-08 16:00:00,0.22179726
2025-06-08 17:00:00,0.41627577
2025-06-08 18:00:00,0.6768531
2025-06-08 19:00:00,0.8613612
2025-06-08 20:00:00,0.8035595
2025-06-08 21:00:00,0.6433527
2025-06-08 22:00:00,0.48813152
2025-06-08 23:00:00,0.30921808
2025-06-09 00:00:00,0.13438356
2025-06-09 01:00:00,-0.02294964
2025-06-09 02:00:00,-0.13130926
2025-06-09 03:00:00,-0.03296392
2025-06-09 04:00:00,0.23290358
2025-06-09 05:00:00,0.47108504
2025-06-09 06:00:00,0.84607154
2025-06-09 07:00:00,1.1744491
2025-06-09 08:00:00,1.2539608
2025-06-09 09:00:00,1.1393197
2025-06-09 10:00:00,0.9218494
2025-06-09 11:00:00,0.68757397
2025-06-09 12:00:00,0.46363187
2025-06-09 13:00:00,0.28116807
2025-06-09 14:00:00,0.12014109
2025-06-09 15:00:00,0.0021285384
2025-06-09 16:00:00,0.092711635
2025-06-09 17:00:00,0.32432202
2025-06-09 18:00:00,0.535951
2025-06-09 19:00:00,0.8099431
2025-06-09 20:00:00,0.91939324
2025-06-09 21:00:00,0.7994821
2025-06-09 22:00:00,0.6223343
2025-06-09 23:00:00,0.45259148
2025-06-10 00:00:00,0.2698757
2025-06-10 01:00:00,0.0977321
2025-06-10 02:00:00,-0.049069274
2025-06-10 03:00:00,-0.10922706
2025-06-10 04:00:00,0.13907097
2025-06-10 05:00:00,0.3891064
2025-06-10 06:00:00,0.7138066
2025-06-10 07:00:00,1.1320336
2025-06-10 08:00:00,1.3608409
2025-06-10 09:00:00,1.3482785
2025-06-10 10:00:00,1.1548065
2025-06-10 11:00:00,0.91463786
2025-06-10 12:00:00,0.6621965
2025-06-10 13:00:00,0.45216757
2025-06-10 14:00:00,0.2722113
2025-06-10 15:00:00,0.10617836
2025-06-10 16:00:00,0.019605262
2025-06-10 17:00:00,0.22321153
2025-06-10 18:00:00,0.45642376
2025-06-10 19:00:00,0.70162225
2025-06-10 20:00:00,0.94251305
2025-06-10 21:00:00,0.9387379
2025-06-10 22:00:00,0.7660558
2025-06-10 23:00:00,0.5970415
2025-06-11 00:00:00,0.41683444
2025-06-11 01:00:00,0.23606838
2025-06-11 02:00:00,0.065449454
2025-06-11 03:00:00,-0.066346325
2025-06-11 04:00:00,-0.042851362
2025-06-11 05:00:00,0.2692679
2025-06-11 06:00:00,0.5227033
2025-06-11 07:00:00,0.92148334
2025-06-11 08:00:00,1.3275149
2025-06-11 09:00:00,1.4588292
2025-06-11 10:00:00,1.3357844
2025-06-11 11:00:00,1.0968192
2025-06-11 12:00:00,0.84563506
2025-06-11 13:00:00,0.6032243
2025-06-11 14:00:00,0.40990087
2025-06-11 15:00:00,0.23049974
2025-06-11 16:00:00,0.07624096
2025-06-11 17:00:00,0.073439196
2025-06-11 18:00:00,0.33626223
2025-06-11 19:00:00,0.5539361
2025-06-11 20:00:00,0.8375571
2025-06-11 21:00:00,1.0115448
2025-06-11 22:00:00,0.90275836
2025-06-11 23:00:00,0.70614725
2025-06-12 00:00:00,0.5373196
2025-06-12 01:00:00,0.3544376
2025-06-12 02:00:00,0.17893194
2025-06-12 03:00:00,0.016336344
2025-06-12 04:00:00,-0.08519605
2025-06-12 05:00:00,0.0933162
2025-06-12 06:00:00,0.40064856
